Handle,Title,Body (HTML),Vendor,Product Category,Type,Tags,Published,Option1 Name,Option1 Value,Variant SKU,Variant Grams,Variant Inventory Tracker,Variant Inventory Qty,Variant Inventory Policy,Variant Fulfillment Service,Variant Price,Variant Compare At Price,Variant Requires Shipping,Variant Taxable,Image Src,Image Position,Image Alt Text,Gift Card,SEO Title,SEO Description,Status
mawa-mix-master-konyhai-robotgep,"MAWA Mix Master konyhai robotgép, 10 L","<p>Erős, 1500 W teljesítményű konyhai robotgép 10 literes rozsdamentes keverőtállal. Több keverőfejjel érkezik: dagasztó, habverő és keverő – kenyértésztától a habcsókig mindenre alkalmas.</p><ul><li>Teljesítmény: 1500 W</li><li>Keverőtál: 10 L rozsdamentes acél</li><li>6 fokozatú sebességszabályzó</li><li>Csúszásmentes talp, tartozékok mosogatógépben tisztíthatók</li></ul>",MAWA,Home & Garden > Household Appliances,Konyhai robotgép,"mixer,robotgép,konyhai kisgép,akció",TRUE,Title,Default Title,EE-KIS-001,7800,shopify,25,deny,manual,44999,59999,TRUE,TRUE,,1,"MAWA Mix Master konyhai robotgép, 10 L",FALSE,"MAWA Mix Master konyhai robotgép, 10 L | EuroExpress Áruház","MAWA Mix Master konyhai robotgép, 10 L nagyker áron az EuroExpress Áruházban. Gyors kiszállítás, utánvét lehetséges.",active
mawa-vizforralo-1-7l,"MAWA rozsdamentes vízforraló, 1,7 L","<p>1,7 literes rozsdamentes acél vízforraló rejtett fűtőszállal, automata kikapcsolással és túlmelegedés elleni védelemmel. Gyorsan forral, könnyen tisztítható.</p><ul><li>Űrtartalom: 1,7 L</li><li>Teljesítmény: 2200 W</li><li>360°-ban forgatható talp</li><li>Vízszintjelző ablak</li></ul>",MAWA,Home & Garden > Household Appliances,Vízforraló,"vízforraló,konyhai kisgép",TRUE,Title,Default Title,EE-KIS-002,1100,shopify,60,deny,manual,5999,,TRUE,TRUE,,1,"MAWA rozsdamentes vízforraló, 1,7 L",FALSE,"MAWA rozsdamentes vízforraló, 1,7 L | EuroExpress Áruház","MAWA rozsdamentes vízforraló, 1,7 L nagyker áron az EuroExpress Áruházban. Gyors kiszállítás, utánvét lehetséges.",active
mawa-multi-mixer-daralo,MAWA multifunkcionális mixer-daráló,"<p>Multifunkciós konyhai gép turmix-, daráló- és keverőfunkcióval. Húst, zöldséget, fűszert és jeget is aprít, a tartozékok pillanatok alatt cserélhetők.</p><ul><li>Teljesítmény: 1200 W</li><li>Tartozékok: turmixkehely, húsdaráló, aprító</li><li>Max. 10 L keverőtál</li><li>Impulzus (pulse) funkció</li></ul>",MAWA,Home & Garden > Household Appliances,Multifunkciós mixer,"mixer,daráló,konyhai kisgép,akció",TRUE,Title,Default Title,EE-KIS-003,8600,shopify,18,deny,manual,49999,64999,TRUE,TRUE,,1,MAWA multifunkcionális mixer-daráló,FALSE,MAWA multifunkcionális mixer-daráló | EuroExpress Áruház,"MAWA multifunkcionális mixer-daráló nagyker áron az EuroExpress Áruházban. Gyors kiszállítás, utánvét lehetséges.",active
mawa-botmixer-250w,"MAWA botmixer, 250 W","<p>Kézi botmixer levesekhez, szószokhoz és bébiételhez. Rozsdamentes merülőszár, kétfokozatú kapcsoló, ergonomikus, csúszásmentes markolat.</p><ul><li>Teljesítmény: 250 W</li><li>Levehető, mosogatható merülőszár</li><li>2 sebességfokozat</li></ul>",MAWA,Home & Garden > Household Appliances,Botmixer,"botmixer,konyhai kisgép,akció",TRUE,Title,Default Title,EE-KIS-004,900,shopify,40,deny,manual,13999,17999,TRUE,TRUE,,1,"MAWA botmixer, 250 W",FALSE,"MAWA botmixer, 250 W | EuroExpress Áruház","MAWA botmixer, 250 W nagyker áron az EuroExpress Áruházban. Gyors kiszállítás, utánvét lehetséges.",active
euroexpress-kavefozo-presszo,"EuroExpress presszó kávéfőző, 15 bar","<p>15 bar nyomású presszó kávéfőző tejhabosító karral. Őrölt kávéhoz és párnához egyaránt használható, cseppfelfogó tálcával.</p><ul><li>Nyomás: 15 bar</li><li>Víztartály: 1,5 L</li><li>Teljesítmény: 1100 W</li></ul>",EuroExpress,Home & Garden > Household Appliances,Kávéfőző,"kávéfőző,konyhai kisgép",TRUE,Title,Default Title,EE-KIS-005,4200,shopify,15,deny,manual,34999,42999,TRUE,TRUE,,1,"EuroExpress presszó kávéfőző, 15 bar",FALSE,"EuroExpress presszó kávéfőző, 15 bar | EuroExpress Áruház","EuroExpress presszó kávéfőző, 15 bar nagyker áron az EuroExpress Áruházban. Gyors kiszállítás, utánvét lehetséges.",active
euroexpress-kenyerpirito-2-szeletes,"EuroExpress kenyérpirító, 2 szeletes","<p>Kétszeletes kenyérpirító 6 pirítási fokozattal, felolvasztás és újramelegítés funkcióval, morzsatálcával.</p><ul><li>Teljesítmény: 850 W</li><li>6 pirítási fokozat</li><li>Kivehető morzsatálca</li></ul>",EuroExpress,Home & Garden > Household Appliances,Kenyérpirító,"kenyérpirító,konyhai kisgép",TRUE,Title,Default Title,EE-KIS-006,1600,shopify,35,deny,manual,9999,12999,TRUE,TRUE,,1,"EuroExpress kenyérpirító, 2 szeletes",FALSE,"EuroExpress kenyérpirító, 2 szeletes | EuroExpress Áruház","EuroExpress kenyérpirító, 2 szeletes nagyker áron az EuroExpress Áruházban. Gyors kiszállítás, utánvét lehetséges.",active
mawa-turmixgep-1-5l,"MAWA turmixgép, 1,5 L üvegkehely","<p>1,5 literes hőálló üvegkelyhes turmixgép rozsdamentes késsel. Smoothie-hoz, krémlevesekhez és jégaprításhoz.</p><ul><li>Teljesítmény: 800 W</li><li>Üvegkehely: 1,5 L</li><li>Jégaprító funkció</li></ul>",MAWA,Home & Garden > Household Appliances,Turmixgép,"turmixgép,konyhai kisgép",TRUE,Title,Default Title,EE-KIS-007,3100,shopify,22,deny,manual,16999,,TRUE,TRUE,,1,"MAWA turmixgép, 1,5 L üvegkehely",FALSE,"MAWA turmixgép, 1,5 L üvegkehely | EuroExpress Áruház","MAWA turmixgép, 1,5 L üvegkehely nagyker áron az EuroExpress Áruházban. Gyors kiszállítás, utánvét lehetséges.",active
euroexpress-szendvicssuto,"EuroExpress szendvicssütő, 3 az 1-ben","<p>Cserélhető sütőlapos szendvicssütő: szendvics, gofri és grill lap is tartozik hozzá. Tapadásmentes bevonat, hőszigetelt fogantyú.</p><ul><li>Teljesítmény: 750 W</li><li>3 cserélhető lap</li><li>Működésjelző lámpa</li></ul>",EuroExpress,Home & Garden > Household Appliances,Szendvicssütő,"szendvicssütő,konyhai kisgép,új",TRUE,Title,Default Title,EE-KIS-008,2400,shopify,28,deny,manual,12999,,TRUE,TRUE,,1,"EuroExpress szendvicssütő, 3 az 1-ben",FALSE,"EuroExpress szendvicssütő, 3 az 1-ben | EuroExpress Áruház","EuroExpress szendvicssütő, 3 az 1-ben nagyker áron az EuroExpress Áruházban. Gyors kiszállítás, utánvét lehetséges.",active
euroexpress-kombinalt-huto-330l,"EuroExpress kombinált hűtőszekrény, 330 L","<p>Alulfagyasztós kombinált hűtőszekrény 330 literes össztérfogattal, E energiaosztály, NoFrost rendszerrel. Üvegpolcok, zöldségtároló fiók, ajtónyitás-riasztó.</p><ul><li>Össztérfogat: 330 L (238 L hűtő + 92 L fagyasztó)</li><li>NoFrost — nem kell leolvasztani</li><li>Energiaosztály: E</li><li>Méret: 186 × 60 × 66 cm</li></ul>",EuroExpress,Home & Garden > Household Appliances,Hűtőszekrény,"hűtő,konyhai nagygép,akció",TRUE,Title,Default Title,EE-NAG-001,62000,shopify,6,deny,manual,239999,289999,TRUE,TRUE,,1,"EuroExpress kombinált hűtőszekrény, 330 L",FALSE,"EuroExpress kombinált hűtőszekrény, 330 L | EuroExpress Áruház","EuroExpress kombinált hűtőszekrény, 330 L nagyker áron az EuroExpress Áruházban. Gyors kiszállítás, utánvét lehetséges.",active
euroexpress-mosogatogep-60cm,"EuroExpress mosogatógép, 60 cm, 13 teríték","<p>Szabadonálló mosogatógép 13 terítékhez, 6 mosogatóprogrammal és félig töltött funkcióval. Halk, 47 dB-es működés.</p><ul><li>13 teríték</li><li>6 program, köztük eco és gyors</li><li>Zajszint: 47 dB</li><li>Energiaosztály: E</li></ul>",EuroExpress,Home & Garden > Household Appliances,Mosogatógép,"mosogatógép,konyhai nagygép",TRUE,Title,Default Title,EE-NAG-002,42000,shopify,8,deny,manual,164999,,TRUE,TRUE,,1,"EuroExpress mosogatógép, 60 cm, 13 teríték",FALSE,"EuroExpress mosogatógép, 60 cm, 13 teríték | EuroExpress Áruház","EuroExpress mosogatógép, 60 cm, 13 teríték nagyker áron az EuroExpress Áruházban. Gyors kiszállítás, utánvét lehetséges.",active
mawa-mikrohullamu-suto-20l,"MAWA mikrohullámú sütő, 20 L, grill","<p>20 literes mikrohullámú sütő grill funkcióval, 5 teljesítményfokozattal és digitális kijelzővel.</p><ul><li>Űrtartalom: 20 L</li><li>Mikró: 700 W, grill: 900 W</li><li>Digitális időzítő</li></ul>",MAWA,Home & Garden > Household Appliances,Mikrohullámú sütő,"mikró,konyhai nagygép,akció",TRUE,Title,Default Title,EE-NAG-003,11500,shopify,14,deny,manual,34999,44999,TRUE,TRUE,,1,"MAWA mikrohullámú sütő, 20 L, grill",FALSE,"MAWA mikrohullámú sütő, 20 L, grill | EuroExpress Áruház","MAWA mikrohullámú sütő, 20 L, grill nagyker áron az EuroExpress Áruházban. Gyors kiszállítás, utánvét lehetséges.",active
euroexpress-beepitheto-suto-70l,"EuroExpress beépíthető sütő, 70 L","<p>70 literes beépíthető elektromos sütő 8 sütési programmal, katalitikus tisztítással és teleszkópos sínnel.</p><ul><li>Űrtartalom: 70 L</li><li>8 sütési program</li><li>Katalitikus öntisztítás</li></ul>",EuroExpress,Home & Garden > Household Appliances,Beépíthető sütő,"sütő,konyhai nagygép",TRUE,Title,Default Title,EE-NAG-004,28000,shopify,7,deny,manual,149999,179999,TRUE,TRUE,,1,"EuroExpress beépíthető sütő, 70 L",FALSE,"EuroExpress beépíthető sütő, 70 L | EuroExpress Áruház","EuroExpress beépíthető sütő, 70 L nagyker áron az EuroExpress Áruházban. Gyors kiszállítás, utánvét lehetséges.",active
euroexpress-elultoltos-mosogep-8kg,"EuroExpress elöltöltős mosógép, 8 kg","<p>8 kg-os elöltöltős mosógép 1400-as centrifugával, 15 programmal, gyors 15 perces mosással és inverteres motorral.</p><ul><li>Kapacitás: 8 kg</li><li>Centrifuga: 1400 ford./perc</li><li>Inverteres motor — halk és tartós</li></ul>",EuroExpress,Home & Garden > Household Appliances,Mosógép,"mosógép,konyhai nagygép,akció",TRUE,Title,Default Title,EE-NAG-005,68000,shopify,9,deny,manual,179999,219999,TRUE,TRUE,,1,"EuroExpress elöltöltős mosógép, 8 kg",FALSE,"EuroExpress elöltöltős mosógép, 8 kg | EuroExpress Áruház","EuroExpress elöltöltős mosógép, 8 kg nagyker áron az EuroExpress Áruházban. Gyors kiszállítás, utánvét lehetséges.",active
mawa-indukcios-fozolap-60cm,"MAWA indukciós főzőlap, 60 cm","<p>Négyzónás indukciós főzőlap érintőgombos vezérléssel, gyerekzárral és időzítővel. Gyors felfűtés, energiatakarékos működés.</p><ul><li>4 főzőzóna</li><li>Booster funkció</li><li>Gyerekzár és időzítő</li></ul>",MAWA,Home & Garden > Household Appliances,Főzőlap,"főzőlap,konyhai nagygép,új",TRUE,Title,Default Title,EE-NAG-006,12000,shopify,10,deny,manual,119999,,TRUE,TRUE,,1,"MAWA indukciós főzőlap, 60 cm",FALSE,"MAWA indukciós főzőlap, 60 cm | EuroExpress Áruház","MAWA indukciós főzőlap, 60 cm nagyker áron az EuroExpress Áruházban. Gyors kiszállítás, utánvét lehetséges.",active
mawa-porszivo-800w-ciklon,"MAWA ciklonos porszívó, 800 W","<p>Zsák nélküli ciklonos porszívó HEPA szűrővel és 2 literes portartállyal. Parkettához, szőnyeghez és kárpithoz is használható fejekkel.</p><ul><li>Teljesítmény: 800 W</li><li>Portartály: 2 L</li><li>HEPA szűrő</li><li>5 m hálózati kábel</li></ul>",MAWA,Home & Garden > Household Appliances,Porszívó,"porszívó,háztartás,akció",TRUE,Title,Default Title,EE-HAZ-001,5400,shopify,20,deny,manual,27999,34999,TRUE,TRUE,,1,"MAWA ciklonos porszívó, 800 W",FALSE,"MAWA ciklonos porszívó, 800 W | EuroExpress Áruház","MAWA ciklonos porszívó, 800 W nagyker áron az EuroExpress Áruházban. Gyors kiszállítás, utánvét lehetséges.",active
euroexpress-gozallomasos-vasalo,EuroExpress gőzállomásos vasaló,"<p>Gőzállomásos vasaló 5,5 bar nyomással, kerámia vasalótalppal és 1,5 literes víztartállyal. Erős gőzlöket a makacs gyűrődésekre.</p><ul><li>Nyomás: 5,5 bar</li><li>Víztartály: 1,5 L</li><li>Automatikus vízkőtelenítés</li></ul>",EuroExpress,Home & Garden > Household Appliances,Vasaló,"vasaló,háztartás",TRUE,Title,Default Title,EE-HAZ-002,4800,shopify,12,deny,manual,39999,49999,TRUE,TRUE,,1,EuroExpress gőzállomásos vasaló,FALSE,EuroExpress gőzállomásos vasaló | EuroExpress Áruház,"EuroExpress gőzállomásos vasaló nagyker áron az EuroExpress Áruházban. Gyors kiszállítás, utánvét lehetséges.",active
lefolyotisztito-spiral-5m,"Lefolyótisztító spirál, 5 m","<p>Rugalmas acél lefolyótisztító spirál műanyag nyéllel, konyhai és fürdőszobai lefolyókhoz. Nagyker áron, 50 darabtól kiemelt kedvezménnyel.</p><ul><li>Hossz: 5 m</li><li>Rozsdamentes acél spirál</li><li>Forgatható nyél</li></ul>",EuroExpress,Home & Garden > Household Appliances,Lefolyótisztító,"lefolyótisztító,háztartás,akció",TRUE,Title,Default Title,EE-HAZ-003,320,shopify,500,deny,manual,450,690,TRUE,TRUE,,1,"Lefolyótisztító spirál, 5 m",FALSE,"Lefolyótisztító spirál, 5 m | EuroExpress Áruház","Lefolyótisztító spirál, 5 m nagyker áron az EuroExpress Áruházban. Gyors kiszállítás, utánvét lehetséges.",active
vintage-fem-kosar-muanyag-nyellel,Vintage fém kosár műanyag nyéllel,"<p>Dekoratív fém tárolókosár műanyag borítású füllel. Konyhai tárolásra, pékáruhoz, gyümölcshöz vagy fürdőszobai rendszerezéshez.</p><ul><li>Anyag: krómozott fém</li><li>Átmérő: 26 cm</li><li>Magasság: 20 cm</li></ul>",EuroExpress,Home & Garden > Household Appliances,Tároló kosár,"kosár,tároló,háztartás",TRUE,Title,Default Title,EE-HAZ-004,700,shopify,120,deny,manual,2000,,TRUE,TRUE,,1,Vintage fém kosár műanyag nyéllel,FALSE,Vintage fém kosár műanyag nyéllel | EuroExpress Áruház,"Vintage fém kosár műanyag nyéllel nagyker áron az EuroExpress Áruházban. Gyors kiszállítás, utánvét lehetséges.",active
euroexpress-muanyag-tarolodoboz-szett,"EuroExpress műanyag tárolódoboz szett, 5 db","<p>Ötdarabos, egymásba rakható tárolódoboz szett pattintós fedéllel. Élelmiszerbiztos, mosogatógépben mosható, mikrózható.</p><ul><li>Méretek: 0,5 – 3 L</li><li>Légmentesen záró fedél</li><li>BPA-mentes</li></ul>",EuroExpress,Home & Garden > Household Appliances,Tárolódoboz,"tároló,háztartás,új",TRUE,Title,Default Title,EE-HAZ-005,1300,shopify,80,deny,manual,4990,6490,TRUE,TRUE,,1,"EuroExpress műanyag tárolódoboz szett, 5 db",FALSE,"EuroExpress műanyag tárolódoboz szett, 5 db | EuroExpress Áruház","EuroExpress műanyag tárolódoboz szett, 5 db nagyker áron az EuroExpress Áruházban. Gyors kiszállítás, utánvét lehetséges.",active
euroexpress-mikroszalas-torlokendo-10db,"EuroExpress mikroszálas törlőkendő, 10 db","<p>Tízdarabos mikroszálas törlőkendő csomag. Karcmentes, szöszmentes, üveghez és bútorhoz is ideális. Mosógépben mosható.</p><ul><li>Méret: 30 × 30 cm</li><li>10 darab csomagban</li><li>Nagy nedvszívó képesség</li></ul>",EuroExpress,Home & Garden > Household Appliances,Takarítás,"takarítás,háztartás",TRUE,Title,Default Title,EE-HAZ-006,450,shopify,200,deny,manual,2990,,TRUE,TRUE,,1,"EuroExpress mikroszálas törlőkendő, 10 db",FALSE,"EuroExpress mikroszálas törlőkendő, 10 db | EuroExpress Áruház","EuroExpress mikroszálas törlőkendő, 10 db nagyker áron az EuroExpress Áruházban. Gyors kiszállítás, utánvét lehetséges.",active
mawa-elektromos-funyiro-1600w,"MAWA elektromos fűnyíró, 1600 W","<p>1600 W-os elektromos fűnyíró 38 cm-es vágószélességgel, 40 literes fűgyűjtővel és 5 fokozatú magasságállítással.</p><ul><li>Teljesítmény: 1600 W</li><li>Vágószélesség: 38 cm</li><li>Fűgyűjtő: 40 L</li></ul>",MAWA,Home & Garden > Household Appliances,Fűnyíró,"fűnyíró,kert,akció",TRUE,Title,Default Title,EE-KER-001,14500,shopify,10,deny,manual,59999,74999,TRUE,TRUE,,1,"MAWA elektromos fűnyíró, 1600 W",FALSE,"MAWA elektromos fűnyíró, 1600 W | EuroExpress Áruház","MAWA elektromos fűnyíró, 1600 W nagyker áron az EuroExpress Áruházban. Gyors kiszállítás, utánvét lehetséges.",active
euroexpress-kerti-szerszam-szett-5db,"EuroExpress kerti szerszám szett, 5 db","<p>Ötrészes kerti szerszámkészlet: ásó, gereblye, kapa, ültetőkanál és kézi gereblye. Rozsdamentes fej, fa nyél.</p><ul><li>5 darabos készlet</li><li>Rozsdamentes acél fejek</li><li>Ergonomikus fa nyél</li></ul>",EuroExpress,Home & Garden > Household Appliances,Kerti szerszám,"kerti szerszám,kert",TRUE,Title,Default Title,EE-KER-002,3600,shopify,45,deny,manual,8990,,TRUE,TRUE,,1,"EuroExpress kerti szerszám szett, 5 db",FALSE,"EuroExpress kerti szerszám szett, 5 db | EuroExpress Áruház","EuroExpress kerti szerszám szett, 5 db nagyker áron az EuroExpress Áruházban. Gyors kiszállítás, utánvét lehetséges.",active
euroexpress-locsolotomlo-szett-25m,"EuroExpress locsolótömlő szett, 25 m","<p>25 méteres, háromrétegű locsolótömlő gyorscsatlakozókkal és állítható szórófejjel. UV-álló, nem törik meg.</p><ul><li>Hossz: 25 m</li><li>Gyorscsatlakozók és szórófej tartozék</li><li>UV-álló kivitel</li></ul>",EuroExpress,Home & Garden > Household Appliances,Locsolás,"locsolás,kert,akció",TRUE,Title,Default Title,EE-KER-003,4200,shopify,30,deny,manual,11999,15999,TRUE,TRUE,,1,"EuroExpress locsolótömlő szett, 25 m",FALSE,"EuroExpress locsolótömlő szett, 25 m | EuroExpress Áruház","EuroExpress locsolótömlő szett, 25 m nagyker áron az EuroExpress Áruházban. Gyors kiszállítás, utánvét lehetséges.",active
mawa-faszenes-grill-kerekekkel,MAWA faszenes grill kerekekkel,"<p>Faszenes kerti grill állítható magasságú rostéllyal, oldalsó munkalappal és kerekekkel. Krómozott grillrács, hamugyűjtő tálca.</p><ul><li>Grillfelület: 54 × 34 cm</li><li>Állítható rostélymagasság</li><li>Kerekes, könnyen mozgatható</li></ul>",MAWA,Home & Garden > Household Appliances,Grill,"grill,kert,új",TRUE,Title,Default Title,EE-KER-004,9800,shopify,16,deny,manual,24999,,TRUE,TRUE,,1,MAWA faszenes grill kerekekkel,FALSE,MAWA faszenes grill kerekekkel | EuroExpress Áruház,"MAWA faszenes grill kerekekkel nagyker áron az EuroExpress Áruházban. Gyors kiszállítás, utánvét lehetséges.",active
